"ROLE_ID","PERMISSION_ID","ACCESS_RIGHT","CREATE_DATE","CREATOR_ACC_ID","UPDATE_DATE","UPDATE_BY_ACC_ID","OPTLOCK_VER","PERMISSION_NAME","FUNCTION_CODE","BEFORE_ACTIVE","AFTER_ACTIVE"
"12","1","E","2018-12-05 15:59:12.039000","4028816958dd6d840158e1a181f90004","2018-12-21 11:19:43.564000","4028816958dd6d840158e1a181f90002","4","CREATE","EXCHANGE_RATE_LISTING","NACT","NACT"
"12","1","E","2018-12-05 15:59:12.088000","4028816958dd6d840158e1a181f90004","2018-12-21 11:19:43.582000","4028816958dd6d840158e1a181f90002","4","CREATE","NEW_EXCHANGE_RATE","NACT","NACT"
"12","1","E","2018-12-19 16:36:11.000000","4028816958dd6d840158e1a181f90000","2018-12-21 11:19:43.599000","4028816958dd6d840158e1a181f90002","4","CREATE","PREPRODUCTION","NACT","NACT"
"12","1","E","2018-12-19 16:36:11.000000","4028816958dd6d840158e1a181f90000","2018-12-21 11:19:43.614000","4028816958dd6d840158e1a181f90002","4","CREATE","PRODUCTION","NACT","NACT"
"12","1","E","2018-12-05 15:59:12.106000","4028816958dd6d840158e1a181f90004","2018-12-21 11:19:43.628000","4028816958dd6d840158e1a181f90002","4","CREATE","UPLOAD_EXCHANGE_RATE_CSV","NACT","NACT"
"12","1","","2018-12-05 15:59:12.125000","4028816958dd6d840158e1a181f90004","2018-12-21 11:19:43.647000","4028816958dd6d840158e1a181f90002","4","CREATE","USER_ACCOUNT","NACT","NACT"
"12","1","","2018-12-05 15:59:12.153000","4028816958dd6d840158e1a181f90004","2018-12-21 11:19:43.670000","4028816958dd6d840158e1a181f90002","4","CREATE","USER_ROLE","NACT","NACT"
"12","2","E","2018-12-05 15:59:12.073000","4028816958dd6d840158e1a181f90004","2018-12-21 11:19:43.567000","4028816958dd6d840158e1a181f90002","4","VIEW","EXCHANGE_RATE_LISTING","NACT","NACT"
"12","2","E","2018-12-05 15:59:12.091000","4028816958dd6d840158e1a181f90004","2018-12-21 11:19:43.585000","4028816958dd6d840158e1a181f90002","4","VIEW","NEW_EXCHANGE_RATE","NACT","NACT"
"12","2","E","2018-12-19 16:36:11.000000","4028816958dd6d840158e1a181f90000","2018-12-21 11:19:43.602000","4028816958dd6d840158e1a181f90002","4","VIEW","PREPRODUCTION","NACT","NACT"
"12","2","E","2018-12-19 16:36:11.000000","4028816958dd6d840158e1a181f90000","2018-12-21 11:19:43.617000","4028816958dd6d840158e1a181f90002","4","VIEW","PRODUCTION","NACT","NACT"
"12","2","E","2018-12-05 15:59:12.109000","4028816958dd6d840158e1a181f90004","2018-12-21 11:19:43.631000","4028816958dd6d840158e1a181f90002","4","VIEW","UPLOAD_EXCHANGE_RATE_CSV","NACT","NACT"
"12","2","","2018-12-05 15:59:12.130000","4028816958dd6d840158e1a181f90004","2018-12-21 11:19:43.651000","4028816958dd6d840158e1a181f90002","4","VIEW","USER_ACCOUNT","NACT","NACT"
"12","2","","2018-12-05 15:59:12.157000","4028816958dd6d840158e1a181f90004","2018-12-21 11:19:43.673000","4028816958dd6d840158e1a181f90002","4","VIEW","USER_ROLE","NACT","NACT"
"12","4","E","2018-12-05 15:59:12.076000","4028816958dd6d840158e1a181f90004","2018-12-21 11:19:43.570000","4028816958dd6d840158e1a181f90002","4","EDIT","EXCHANGE_RATE_LISTING","NACT","NACT"
"12","4","E","2018-12-05 15:59:12.094000","4028816958dd6d840158e1a181f90004","2018-12-21 11:19:43.588000","4028816958dd6d840158e1a181f90002","4","EDIT","NEW_EXCHANGE_RATE","NACT","NACT"
"12","4","E","2018-12-19 16:36:11.000000","4028816958dd6d840158e1a181f90000","2018-12-21 11:19:43.605000","4028816958dd6d840158e1a181f90002","4","EDIT","PREPRODUCTION","NACT","NACT"
"12","4","E","2018-12-19 16:36:11.000000","4028816958dd6d840158e1a181f90000","2018-12-21 11:19:43.620000","4028816958dd6d840158e1a181f90002","4","EDIT","PRODUCTION","NACT","NACT"
"12","4","E","2018-12-05 15:59:12.112000","4028816958dd6d840158e1a181f90004","2018-12-21 11:19:43.634000","4028816958dd6d840158e1a181f90002","4","EDIT","UPLOAD_EXCHANGE_RATE_CSV","NACT","NACT"
"12","4","","2018-12-05 15:59:12.135000","4028816958dd6d840158e1a181f90004","2018-12-21 11:19:43.653000","4028816958dd6d840158e1a181f90002","4","EDIT","USER_ACCOUNT","NACT","NACT"
"12","4","","2018-12-05 15:59:12.161000","4028816958dd6d840158e1a181f90004","2018-12-21 11:19:43.676000","4028816958dd6d840158e1a181f90002","4","EDIT","USER_ROLE","NACT","NACT"
"12","8","E","2018-12-05 15:59:12.079000","4028816958dd6d840158e1a181f90004","2018-12-21 11:19:43.573000","4028816958dd6d840158e1a181f90002","4","DELETE","EXCHANGE_RATE_LISTING","NACT","NACT"
"12","8","E","2018-12-05 15:59:12.097000","4028816958dd6d840158e1a181f90004","2018-12-21 11:19:43.591000","4028816958dd6d840158e1a181f90002","4","DELETE","NEW_EXCHANGE_RATE","NACT","NACT"
"12","8","E","2018-12-19 16:36:11.000000","4028816958dd6d840158e1a181f90000","2018-12-21 11:19:43.608000","4028816958dd6d840158e1a181f90002","4","DELETE","PREPRODUCTION","NACT","NACT"
"12","8","E","2018-12-19 16:36:11.000000","4028816958dd6d840158e1a181f90000","2018-12-21 11:19:43.623000","4028816958dd6d840158e1a181f90002","4","DELETE","PRODUCTION","NACT","NACT"
"12","8","E","2018-12-05 15:59:12.116000","4028816958dd6d840158e1a181f90004","2018-12-21 11:19:43.637000","4028816958dd6d840158e1a181f90002","4","DELETE","UPLOAD_EXCHANGE_RATE_CSV","NACT","NACT"
"12","8","","2018-12-05 15:59:12.138000","4028816958dd6d840158e1a181f90004","2018-12-21 11:19:43.657000","4028816958dd6d840158e1a181f90002","4","DELETE","USER_ACCOUNT","NACT","NACT"
"12","8","","2018-12-05 15:59:12.165000","4028816958dd6d840158e1a181f90004","2018-12-21 11:19:43.680000","4028816958dd6d840158e1a181f90002","4","DELETE","USER_ROLE","NACT","NACT"
"12","64","","2018-12-05 15:59:12.142000","4028816958dd6d840158e1a181f90004","2018-12-21 11:19:43.661000","4028816958dd6d840158e1a181f90002","4","ASSIGN USER ROLE","USER_ACCOUNT","NACT","NACT"
"12","256","","2018-12-05 15:59:12.146000","4028816958dd6d840158e1a181f90004","2018-12-21 11:19:43.664000","4028816958dd6d840158e1a181f90002","4","CHANGE STATUS","USER_ACCOUNT","NACT","NACT"
"13","1","E","2018-12-05 15:59:53.065000","4028816958dd6d840158e1a181f90004","2018-12-07 17:12:09.354000","ff80808167877b2f016787cd38560000","1","CREATE","EXCHANGE_RATE_LISTING","NACT","NACT"
"13","1","E","2018-12-05 15:59:53.085000","4028816958dd6d840158e1a181f90004","2018-12-07 17:12:09.374000","ff80808167877b2f016787cd38560000","1","CREATE","NEW_EXCHANGE_RATE","NACT","NACT"
"13","1","E","2018-12-19 16:36:11.000000","4028816958dd6d840158e1a181f90000",NULL,NULL,"1","CREATE","PREPRODUCTION","NACT","NACT"
"13","1","E","2018-12-19 16:36:11.000000","4028816958dd6d840158e1a181f90000",NULL,NULL,"1","CREATE","PRODUCTION","NACT","NACT"
"13","1","E","2018-12-05 15:59:53.104000","4028816958dd6d840158e1a181f90004","2018-12-07 17:12:09.390000","ff80808167877b2f016787cd38560000","1","CREATE","UPLOAD_EXCHANGE_RATE_CSV","NACT","NACT"
"13","1","","2018-12-05 15:59:53.122000","4028816958dd6d840158e1a181f90004","2018-12-07 17:12:09.408000","ff80808167877b2f016787cd38560000","1","CREATE","USER_ACCOUNT","NACT","NACT"
"13","1","","2018-12-05 15:59:53.145000","4028816958dd6d840158e1a181f90004","2018-12-07 17:12:09.430000","ff80808167877b2f016787cd38560000","1","CREATE","USER_ROLE","NACT","NACT"
"13","2","E","2018-12-05 15:59:53.069000","4028816958dd6d840158e1a181f90004","2018-12-07 17:12:09.358000","ff80808167877b2f016787cd38560000","1","VIEW","EXCHANGE_RATE_LISTING","NACT","NACT"
"13","2","E","2018-12-05 15:59:53.088000","4028816958dd6d840158e1a181f90004","2018-12-07 17:12:09.376000","ff80808167877b2f016787cd38560000","1","VIEW","NEW_EXCHANGE_RATE","NACT","NACT"
"13","2","E","2018-12-19 16:36:11.000000","4028816958dd6d840158e1a181f90000",NULL,NULL,"1","VIEW","PREPRODUCTION","NACT","NACT"
"13","2","E","2018-12-19 16:36:11.000000","4028816958dd6d840158e1a181f90000",NULL,NULL,"1","VIEW","PRODUCTION","NACT","NACT"
"13","2","E","2018-12-05 15:59:53.108000","4028816958dd6d840158e1a181f90004","2018-12-07 17:12:09.393000","ff80808167877b2f016787cd38560000","1","VIEW","UPLOAD_EXCHANGE_RATE_CSV","NACT","NACT"
"13","2","","2018-12-05 15:59:53.125000","4028816958dd6d840158e1a181f90004","2018-12-07 17:12:09.411000","ff80808167877b2f016787cd38560000","1","VIEW","USER_ACCOUNT","NACT","NACT"
"13","2","","2018-12-05 15:59:53.148000","4028816958dd6d840158e1a181f90004","2018-12-07 17:12:09.433000","ff80808167877b2f016787cd38560000","1","VIEW","USER_ROLE","NACT","NACT"
"13","4","E","2018-12-05 15:59:53.072000","4028816958dd6d840158e1a181f90004","2018-12-07 17:12:09.361000","ff80808167877b2f016787cd38560000","1","EDIT","EXCHANGE_RATE_LISTING","NACT","NACT"
"13","4","E","2018-12-05 15:59:53.091000","4028816958dd6d840158e1a181f90004","2018-12-07 17:12:09.379000","ff80808167877b2f016787cd38560000","1","EDIT","NEW_EXCHANGE_RATE","NACT","NACT"
"13","4","E","2018-12-19 16:36:11.000000","4028816958dd6d840158e1a181f90000",NULL,NULL,"1","EDIT","PREPRODUCTION","NACT","NACT"
"13","4","E","2018-12-19 16:36:11.000000","4028816958dd6d840158e1a181f90000",NULL,NULL,"1","EDIT","PRODUCTION","NACT","NACT"
"13","4","E","2018-12-05 15:59:53.111000","4028816958dd6d840158e1a181f90004","2018-12-07 17:12:09.396000","ff80808167877b2f016787cd38560000","1","EDIT","UPLOAD_EXCHANGE_RATE_CSV","NACT","NACT"
"13","4","","2018-12-05 15:59:53.128000","4028816958dd6d840158e1a181f90004","2018-12-07 17:12:09.414000","ff80808167877b2f016787cd38560000","1","EDIT","USER_ACCOUNT","NACT","NACT"
"13","4","","2018-12-05 15:59:53.151000","4028816958dd6d840158e1a181f90004","2018-12-07 17:12:09.437000","ff80808167877b2f016787cd38560000","1","EDIT","USER_ROLE","NACT","NACT"
"13","8","E","2018-12-05 15:59:53.076000","4028816958dd6d840158e1a181f90004","2018-12-07 17:12:09.364000","ff80808167877b2f016787cd38560000","1","DELETE","EXCHANGE_RATE_LISTING","NACT","NACT"
"13","8","E","2018-12-05 15:59:53.095000","4028816958dd6d840158e1a181f90004","2018-12-07 17:12:09.382000","ff80808167877b2f016787cd38560000","1","DELETE","NEW_EXCHANGE_RATE","NACT","NACT"
"13","8","E","2018-12-19 16:36:11.000000","4028816958dd6d840158e1a181f90000",NULL,NULL,"1","DELETE","PREPRODUCTION","NACT","NACT"
"13","8","E","2018-12-19 16:36:11.000000","4028816958dd6d840158e1a181f90000",NULL,NULL,"1","DELETE","PRODUCTION","NACT","NACT"
"13","8","E","2018-12-05 15:59:53.114000","4028816958dd6d840158e1a181f90004","2018-12-07 17:12:09.399000","ff80808167877b2f016787cd38560000","1","DELETE","UPLOAD_EXCHANGE_RATE_CSV","NACT","NACT"
"13","8","","2018-12-05 15:59:53.132000","4028816958dd6d840158e1a181f90004","2018-12-07 17:12:09.417000","ff80808167877b2f016787cd38560000","1","DELETE","USER_ACCOUNT","NACT","NACT"
"13","8","","2018-12-05 15:59:53.154000","4028816958dd6d840158e1a181f90004","2018-12-07 17:12:09.439000","ff80808167877b2f016787cd38560000","1","DELETE","USER_ROLE","NACT","NACT"
"13","64","","2018-12-05 15:59:53.135000","4028816958dd6d840158e1a181f90004","2018-12-07 17:12:09.420000","ff80808167877b2f016787cd38560000","1","ASSIGN USER ROLE","USER_ACCOUNT","NACT","NACT"
"13","256","","2018-12-05 15:59:53.138000","4028816958dd6d840158e1a181f90004","2018-12-07 17:12:09.423000","ff80808167877b2f016787cd38560000","1","CHANGE STATUS","USER_ACCOUNT","NACT","NACT"
"14","1","E","2018-12-05 16:00:19.998000","4028816958dd6d840158e1a181f90004","2018-12-26 10:23:37.417000","4028816958dd6d840158e1a181f90002","8","CREATE","EXCHANGE_RATE_LISTING","NACT","NACT"
"14","1","E","2018-12-05 16:00:20.016000","4028816958dd6d840158e1a181f90004","2018-12-26 10:23:37.430000","4028816958dd6d840158e1a181f90002","8","CREATE","NEW_EXCHANGE_RATE","NACT","NACT"
"14","1","E","2018-12-19 16:36:11.000000","4028816958dd6d840158e1a181f90000","2018-12-26 10:23:37.442000","4028816958dd6d840158e1a181f90002","8","CREATE","PREPRODUCTION","NACT","NACT"
"14","1","E","2018-12-19 16:36:11.000000","4028816958dd6d840158e1a181f90000","2018-12-26 10:23:37.452000","4028816958dd6d840158e1a181f90002","8","CREATE","PRODUCTION","NACT","NACT"
"14","1","E","2018-12-05 16:00:20.033000","4028816958dd6d840158e1a181f90004","2018-12-26 10:23:37.468000","4028816958dd6d840158e1a181f90002","8","CREATE","UPLOAD_EXCHANGE_RATE_CSV","NACT","NACT"
"14","1","","2018-12-05 16:00:20.049000","4028816958dd6d840158e1a181f90004","2018-12-26 10:23:37.480000","4028816958dd6d840158e1a181f90002","8","CREATE","USER_ACCOUNT","NACT","NACT"
"14","1","","2018-12-05 16:00:20.069000","4028816958dd6d840158e1a181f90004","2018-12-26 10:23:37.496000","4028816958dd6d840158e1a181f90002","8","CREATE","USER_ROLE","NACT","NACT"
"14","2","E","2018-12-05 16:00:20.001000","4028816958dd6d840158e1a181f90004","2018-12-26 10:23:37.420000","4028816958dd6d840158e1a181f90002","8","VIEW","EXCHANGE_RATE_LISTING","NACT","NACT"
"14","2","E","2018-12-05 16:00:20.019000","4028816958dd6d840158e1a181f90004","2018-12-26 10:23:37.432000","4028816958dd6d840158e1a181f90002","8","VIEW","NEW_EXCHANGE_RATE","NACT","NACT"
"14","2","E","2018-12-19 16:36:11.000000","4028816958dd6d840158e1a181f90000","2018-12-26 10:23:37.444000","4028816958dd6d840158e1a181f90002","8","VIEW","PREPRODUCTION","NACT","NACT"
"14","2","E","2018-12-19 16:36:11.000000","4028816958dd6d840158e1a181f90000","2018-12-26 10:23:37.459000","4028816958dd6d840158e1a181f90002","8","VIEW","PRODUCTION","NACT","NACT"
"14","2","E","2018-12-05 16:00:20.035000","4028816958dd6d840158e1a181f90004","2018-12-26 10:23:37.470000","4028816958dd6d840158e1a181f90002","8","VIEW","UPLOAD_EXCHANGE_RATE_CSV","NACT","NACT"
"14","2","","2018-12-05 16:00:20.052000","4028816958dd6d840158e1a181f90004","2018-12-26 10:23:37.482000","4028816958dd6d840158e1a181f90002","8","VIEW","USER_ACCOUNT","NACT","NACT"
"14","2","","2018-12-05 16:00:20.072000","4028816958dd6d840158e1a181f90004","2018-12-26 10:23:37.498000","4028816958dd6d840158e1a181f90002","8","VIEW","USER_ROLE","NACT","NACT"
"14","4","E","2018-12-05 16:00:20.004000","4028816958dd6d840158e1a181f90004","2018-12-26 10:23:37.422000","4028816958dd6d840158e1a181f90002","8","EDIT","EXCHANGE_RATE_LISTING","NACT","NACT"
"14","4","E","2018-12-05 16:00:20.022000","4028816958dd6d840158e1a181f90004","2018-12-26 10:23:37.434000","4028816958dd6d840158e1a181f90002","8","EDIT","NEW_EXCHANGE_RATE","NACT","NACT"
"14","4","E","2018-12-19 16:36:11.000000","4028816958dd6d840158e1a181f90000","2018-12-26 10:23:37.446000","4028816958dd6d840158e1a181f90002","8","EDIT","PREPRODUCTION","NACT","NACT"
"14","4","E","2018-12-19 16:36:11.000000","4028816958dd6d840158e1a181f90000","2018-12-26 10:23:37.462000","4028816958dd6d840158e1a181f90002","8","EDIT","PRODUCTION","NACT","NACT"
"14","4","E","2018-12-05 16:00:20.039000","4028816958dd6d840158e1a181f90004","2018-12-26 10:23:37.472000","4028816958dd6d840158e1a181f90002","8","EDIT","UPLOAD_EXCHANGE_RATE_CSV","NACT","NACT"
"14","4","","2018-12-05 16:00:20.055000","4028816958dd6d840158e1a181f90004","2018-12-26 10:23:37.484000","4028816958dd6d840158e1a181f90002","8","EDIT","USER_ACCOUNT","NACT","NACT"
"14","4","","2018-12-05 16:00:20.074000","4028816958dd6d840158e1a181f90004","2018-12-26 10:23:37.500000","4028816958dd6d840158e1a181f90002","8","EDIT","USER_ROLE","NACT","NACT"
"14","8","E","2018-12-05 16:00:20.008000","4028816958dd6d840158e1a181f90004","2018-12-26 10:23:37.424000","4028816958dd6d840158e1a181f90002","8","DELETE","EXCHANGE_RATE_LISTING","NACT","NACT"
"14","8","E","2018-12-05 16:00:20.024000","4028816958dd6d840158e1a181f90004","2018-12-26 10:23:37.436000","4028816958dd6d840158e1a181f90002","8","DELETE","NEW_EXCHANGE_RATE","NACT","NACT"
"14","8","E","2018-12-19 16:36:11.000000","4028816958dd6d840158e1a181f90000","2018-12-26 10:23:37.448000","4028816958dd6d840158e1a181f90002","8","DELETE","PREPRODUCTION","NACT","NACT"
"14","8","E","2018-12-19 16:36:11.000000","4028816958dd6d840158e1a181f90000","2018-12-26 10:23:37.464000","4028816958dd6d840158e1a181f90002","8","DELETE","PRODUCTION","NACT","NACT"
"14","8","E","2018-12-05 16:00:20.041000","4028816958dd6d840158e1a181f90004","2018-12-26 10:23:37.473000","4028816958dd6d840158e1a181f90002","8","DELETE","UPLOAD_EXCHANGE_RATE_CSV","NACT","NACT"
"14","8","","2018-12-05 16:00:20.058000","4028816958dd6d840158e1a181f90004","2018-12-26 10:23:37.487000","4028816958dd6d840158e1a181f90002","8","DELETE","USER_ACCOUNT","NACT","NACT"
"14","8","","2018-12-05 16:00:20.077000","4028816958dd6d840158e1a181f90004","2018-12-26 10:23:37.503000","4028816958dd6d840158e1a181f90002","8","DELETE","USER_ROLE","NACT","NACT"
"14","64","","2018-12-05 16:00:20.061000","4028816958dd6d840158e1a181f90004","2018-12-26 10:23:37.489000","4028816958dd6d840158e1a181f90002","8","ASSIGN USER ROLE","USER_ACCOUNT","NACT","NACT"
"14","256","","2018-12-05 16:00:20.063000","4028816958dd6d840158e1a181f90004","2018-12-26 10:23:37.492000","4028816958dd6d840158e1a181f90002","8","CHANGE STATUS","USER_ACCOUNT","NACT","NACT"
"15","1","E","2018-12-05 16:00:34.015000","4028816958dd6d840158e1a181f90004","2018-12-07 17:12:37.808000","ff80808167877b2f016787cd38560000","1","CREATE","EXCHANGE_RATE_LISTING","NACT","NACT"
"15","1","E","2018-12-05 16:00:34.032000","4028816958dd6d840158e1a181f90004","2018-12-07 17:12:37.826000","ff80808167877b2f016787cd38560000","1","CREATE","NEW_EXCHANGE_RATE","NACT","NACT"
"15","1","E","2018-12-19 16:36:11.000000","4028816958dd6d840158e1a181f90000",NULL,NULL,"1","CREATE","PREPRODUCTION","NACT","NACT"
"15","1","E","2018-12-19 16:36:11.000000","4028816958dd6d840158e1a181f90000",NULL,NULL,"1","CREATE","PRODUCTION","NACT","NACT"
"15","1","E","2018-12-05 16:00:34.050000","4028816958dd6d840158e1a181f90004","2018-12-07 17:12:37.843000","ff80808167877b2f016787cd38560000","1","CREATE","UPLOAD_EXCHANGE_RATE_CSV","NACT","NACT"
"15","1","","2018-12-05 16:00:34.066000","4028816958dd6d840158e1a181f90004","2018-12-07 17:12:37.859000","ff80808167877b2f016787cd38560000","1","CREATE","USER_ACCOUNT","NACT","NACT"
"15","1","","2018-12-05 16:00:34.086000","4028816958dd6d840158e1a181f90004","2018-12-07 17:12:37.882000","ff80808167877b2f016787cd38560000","1","CREATE","USER_ROLE","NACT","NACT"
"15","2","E","2018-12-05 16:00:34.018000","4028816958dd6d840158e1a181f90004","2018-12-07 17:12:37.811000","ff80808167877b2f016787cd38560000","1","VIEW","EXCHANGE_RATE_LISTING","NACT","NACT"
"15","2","E","2018-12-05 16:00:34.035000","4028816958dd6d840158e1a181f90004","2018-12-07 17:12:37.829000","ff80808167877b2f016787cd38560000","1","VIEW","NEW_EXCHANGE_RATE","NACT","NACT"
"15","2","E","2018-12-19 16:36:11.000000","4028816958dd6d840158e1a181f90000",NULL,NULL,"1","VIEW","PREPRODUCTION","NACT","NACT"
"15","2","E","2018-12-19 16:36:11.000000","4028816958dd6d840158e1a181f90000",NULL,NULL,"1","VIEW","PRODUCTION","NACT","NACT"
"15","2","E","2018-12-05 16:00:34.053000","4028816958dd6d840158e1a181f90004","2018-12-07 17:12:37.845000","ff80808167877b2f016787cd38560000","1","VIEW","UPLOAD_EXCHANGE_RATE_CSV","NACT","NACT"
"15","2","","2018-12-05 16:00:34.069000","4028816958dd6d840158e1a181f90004","2018-12-07 17:12:37.862000","ff80808167877b2f016787cd38560000","1","VIEW","USER_ACCOUNT","NACT","NACT"
"15","2","","2018-12-05 16:00:34.089000","4028816958dd6d840158e1a181f90004","2018-12-07 17:12:37.885000","ff80808167877b2f016787cd38560000","1","VIEW","USER_ROLE","NACT","NACT"
"15","4","E","2018-12-05 16:00:34.020000","4028816958dd6d840158e1a181f90004","2018-12-07 17:12:37.815000","ff80808167877b2f016787cd38560000","1","EDIT","EXCHANGE_RATE_LISTING","NACT","NACT"
"15","4","E","2018-12-05 16:00:34.038000","4028816958dd6d840158e1a181f90004","2018-12-07 17:12:37.832000","ff80808167877b2f016787cd38560000","1","EDIT","NEW_EXCHANGE_RATE","NACT","NACT"
"15","4","E","2018-12-19 16:36:11.000000","4028816958dd6d840158e1a181f90000",NULL,NULL,"1","EDIT","PREPRODUCTION","NACT","NACT"
"15","4","E","2018-12-19 16:36:11.000000","4028816958dd6d840158e1a181f90000",NULL,NULL,"1","EDIT","PRODUCTION","NACT","NACT"
"15","4","E","2018-12-05 16:00:34.055000","4028816958dd6d840158e1a181f90004","2018-12-07 17:12:37.847000","ff80808167877b2f016787cd38560000","1","EDIT","UPLOAD_EXCHANGE_RATE_CSV","NACT","NACT"
"15","4","","2018-12-05 16:00:34.072000","4028816958dd6d840158e1a181f90004","2018-12-07 17:12:37.866000","ff80808167877b2f016787cd38560000","1","EDIT","USER_ACCOUNT","NACT","NACT"
"15","4","","2018-12-05 16:00:34.092000","4028816958dd6d840158e1a181f90004","2018-12-07 17:12:37.888000","ff80808167877b2f016787cd38560000","1","EDIT","USER_ROLE","NACT","NACT"
"15","8","E","2018-12-05 16:00:34.024000","4028816958dd6d840158e1a181f90004","2018-12-07 17:12:37.818000","ff80808167877b2f016787cd38560000","1","DELETE","EXCHANGE_RATE_LISTING","NACT","NACT"
"15","8","E","2018-12-05 16:00:34.041000","4028816958dd6d840158e1a181f90004","2018-12-07 17:12:37.835000","ff80808167877b2f016787cd38560000","1","DELETE","NEW_EXCHANGE_RATE","NACT","NACT"
"15","8","E","2018-12-19 16:36:11.000000","4028816958dd6d840158e1a181f90000",NULL,NULL,"1","DELETE","PREPRODUCTION","NACT","NACT"
"15","8","E","2018-12-19 16:36:11.000000","4028816958dd6d840158e1a181f90000",NULL,NULL,"1","DELETE","PRODUCTION","NACT","NACT"
"15","8","E","2018-12-05 16:00:34.058000","4028816958dd6d840158e1a181f90004","2018-12-07 17:12:37.850000","ff80808167877b2f016787cd38560000","1","DELETE","UPLOAD_EXCHANGE_RATE_CSV","NACT","NACT"
"15","8","","2018-12-05 16:00:34.076000","4028816958dd6d840158e1a181f90004","2018-12-07 17:12:37.869000","ff80808167877b2f016787cd38560000","1","DELETE","USER_ACCOUNT","NACT","NACT"
"15","8","","2018-12-05 16:00:34.095000","4028816958dd6d840158e1a181f90004","2018-12-07 17:12:37.892000","ff80808167877b2f016787cd38560000","1","DELETE","USER_ROLE","NACT","NACT"
"15","64","","2018-12-05 16:00:34.079000","4028816958dd6d840158e1a181f90004","2018-12-07 17:12:37.872000","ff80808167877b2f016787cd38560000","1","ASSIGN USER ROLE","USER_ACCOUNT","NACT","NACT"
"15","256","","2018-12-05 16:00:34.081000","4028816958dd6d840158e1a181f90004","2018-12-07 17:12:37.876000","ff80808167877b2f016787cd38560000","1","CHANGE STATUS","USER_ACCOUNT","NACT","NACT"
"16","1","","2018-12-05 16:00:52.830000","4028816958dd6d840158e1a181f90004","2018-12-24 16:19:22.655000","4028816958dd6d840158e1a181f90002","2","CREATE","EXCHANGE_RATE_LISTING","NACT","NACT"
"16","1","","2018-12-05 16:00:52.848000","4028816958dd6d840158e1a181f90004","2018-12-24 16:19:22.669000","4028816958dd6d840158e1a181f90002","2","CREATE","NEW_EXCHANGE_RATE","NACT","NACT"
"16","1","D","2018-12-19 16:36:11.000000","4028816958dd6d840158e1a181f90000","2018-12-24 16:19:22.683000","4028816958dd6d840158e1a181f90002","2","CREATE","PREPRODUCTION","NACT","NACT"
"16","1","D","2018-12-19 16:36:11.000000","4028816958dd6d840158e1a181f90000","2018-12-24 16:19:22.695000","4028816958dd6d840158e1a181f90002","2","CREATE","PRODUCTION","NACT","NACT"
"16","1","","2018-12-05 16:00:52.864000","4028816958dd6d840158e1a181f90004","2018-12-24 16:19:22.709000","4028816958dd6d840158e1a181f90002","2","CREATE","UPLOAD_EXCHANGE_RATE_CSV","NACT","NACT"
"16","1","","2018-12-05 16:00:52.882000","4028816958dd6d840158e1a181f90004","2018-12-24 16:19:22.728000","4028816958dd6d840158e1a181f90002","2","CREATE","USER_ACCOUNT","NACT","NACT"
"16","1","","2018-12-05 16:00:52.902000","4028816958dd6d840158e1a181f90004","2018-12-24 16:19:22.747000","4028816958dd6d840158e1a181f90002","2","CREATE","USER_ROLE","NACT","NACT"
"16","2","","2018-12-05 16:00:52.834000","4028816958dd6d840158e1a181f90004","2018-12-24 16:19:22.658000","4028816958dd6d840158e1a181f90002","2","VIEW","EXCHANGE_RATE_LISTING","NACT","NACT"
"16","2","","2018-12-05 16:00:52.851000","4028816958dd6d840158e1a181f90004","2018-12-24 16:19:22.671000","4028816958dd6d840158e1a181f90002","2","VIEW","NEW_EXCHANGE_RATE","NACT","NACT"
"16","2","D","2018-12-19 16:36:11.000000","4028816958dd6d840158e1a181f90000","2018-12-24 16:19:22.684000","4028816958dd6d840158e1a181f90002","2","VIEW","PREPRODUCTION","NACT","NACT"
"16","2","D","2018-12-19 16:36:11.000000","4028816958dd6d840158e1a181f90000","2018-12-24 16:19:22.698000","4028816958dd6d840158e1a181f90002","2","VIEW","PRODUCTION","NACT","NACT"
"16","2","","2018-12-05 16:00:52.867000","4028816958dd6d840158e1a181f90004","2018-12-24 16:19:22.712000","4028816958dd6d840158e1a181f90002","2","VIEW","UPLOAD_EXCHANGE_RATE_CSV","NACT","NACT"
"16","2","","2018-12-05 16:00:52.885000","4028816958dd6d840158e1a181f90004","2018-12-24 16:19:22.731000","4028816958dd6d840158e1a181f90002","2","VIEW","USER_ACCOUNT","NACT","NACT"
"16","2","","2018-12-05 16:00:52.905000","4028816958dd6d840158e1a181f90004","2018-12-24 16:19:22.750000","4028816958dd6d840158e1a181f90002","2","VIEW","USER_ROLE","NACT","NACT"
"16","4","","2018-12-05 16:00:52.836000","4028816958dd6d840158e1a181f90004","2018-12-24 16:19:22.660000","4028816958dd6d840158e1a181f90002","2","EDIT","EXCHANGE_RATE_LISTING","NACT","NACT"
"16","4","","2018-12-05 16:00:52.854000","4028816958dd6d840158e1a181f90004","2018-12-24 16:19:22.674000","4028816958dd6d840158e1a181f90002","2","EDIT","NEW_EXCHANGE_RATE","NACT","NACT"
"16","4","D","2018-12-19 16:36:11.000000","4028816958dd6d840158e1a181f90000","2018-12-24 16:19:22.688000","4028816958dd6d840158e1a181f90002","2","EDIT","PREPRODUCTION","NACT","NACT"
"16","4","D","2018-12-19 16:36:11.000000","4028816958dd6d840158e1a181f90000","2018-12-24 16:19:22.700000","4028816958dd6d840158e1a181f90002","2","EDIT","PRODUCTION","NACT","NACT"
"16","4","","2018-12-05 16:00:52.870000","4028816958dd6d840158e1a181f90004","2018-12-24 16:19:22.715000","4028816958dd6d840158e1a181f90002","2","EDIT","UPLOAD_EXCHANGE_RATE_CSV","NACT","NACT"
"16","4","","2018-12-05 16:00:52.888000","4028816958dd6d840158e1a181f90004","2018-12-24 16:19:22.734000","4028816958dd6d840158e1a181f90002","2","EDIT","USER_ACCOUNT","NACT","NACT"
"16","4","","2018-12-05 16:00:52.908000","4028816958dd6d840158e1a181f90004","2018-12-24 16:19:22.753000","4028816958dd6d840158e1a181f90002","2","EDIT","USER_ROLE","NACT","NACT"
"16","8","","2018-12-05 16:00:52.839000","4028816958dd6d840158e1a181f90004","2018-12-24 16:19:22.662000","4028816958dd6d840158e1a181f90002","2","DELETE","EXCHANGE_RATE_LISTING","NACT","NACT"
"16","8","","2018-12-05 16:00:52.856000","4028816958dd6d840158e1a181f90004","2018-12-24 16:19:22.676000","4028816958dd6d840158e1a181f90002","2","DELETE","NEW_EXCHANGE_RATE","NACT","NACT"
"16","8","D","2018-12-19 16:36:11.000000","4028816958dd6d840158e1a181f90000","2018-12-24 16:19:22.690000","4028816958dd6d840158e1a181f90002","2","DELETE","PREPRODUCTION","NACT","NACT"
"16","8","D","2018-12-19 16:36:11.000000","4028816958dd6d840158e1a181f90000","2018-12-24 16:19:22.703000","4028816958dd6d840158e1a181f90002","2","DELETE","PRODUCTION","NACT","NACT"
"16","8","","2018-12-05 16:00:52.873000","4028816958dd6d840158e1a181f90004","2018-12-24 16:19:22.718000","4028816958dd6d840158e1a181f90002","2","DELETE","UPLOAD_EXCHANGE_RATE_CSV","NACT","NACT"
"16","8","","2018-12-05 16:00:52.891000","4028816958dd6d840158e1a181f90004","2018-12-24 16:19:22.736000","4028816958dd6d840158e1a181f90002","2","DELETE","USER_ACCOUNT","NACT","NACT"
"16","8","","2018-12-05 16:00:52.911000","4028816958dd6d840158e1a181f90004","2018-12-24 16:19:22.756000","4028816958dd6d840158e1a181f90002","2","DELETE","USER_ROLE","NACT","NACT"
"16","64","","2018-12-05 16:00:52.894000","4028816958dd6d840158e1a181f90004","2018-12-24 16:19:22.738000","4028816958dd6d840158e1a181f90002","2","ASSIGN USER ROLE","USER_ACCOUNT","NACT","NACT"
"16","256","","2018-12-05 16:00:52.897000","4028816958dd6d840158e1a181f90004","2018-12-24 16:19:22.742000","4028816958dd6d840158e1a181f90002","2","CHANGE STATUS","USER_ACCOUNT","NACT","NACT"
"17","1","","2018-12-05 16:01:03.299000","4028816958dd6d840158e1a181f90004","2018-12-24 16:19:17.433000","4028816958dd6d840158e1a181f90002","2","CREATE","EXCHANGE_RATE_LISTING","NACT","NACT"
"17","1","","2018-12-05 16:01:03.322000","4028816958dd6d840158e1a181f90004","2018-12-24 16:19:17.449000","4028816958dd6d840158e1a181f90002","2","CREATE","NEW_EXCHANGE_RATE","NACT","NACT"
"17","1","D","2018-12-19 16:36:11.000000","4028816958dd6d840158e1a181f90000","2018-12-24 16:19:17.467000","4028816958dd6d840158e1a181f90002","2","CREATE","PREPRODUCTION","NACT","NACT"
"17","1","D","2018-12-19 16:36:11.000000","4028816958dd6d840158e1a181f90000","2018-12-24 16:19:17.480000","4028816958dd6d840158e1a181f90002","2","CREATE","PRODUCTION","NACT","NACT"
"17","1","","2018-12-05 16:01:03.343000","4028816958dd6d840158e1a181f90004","2018-12-24 16:19:17.493000","4028816958dd6d840158e1a181f90002","2","CREATE","UPLOAD_EXCHANGE_RATE_CSV","NACT","NACT"
"17","1","","2018-12-05 16:01:03.365000","4028816958dd6d840158e1a181f90004","2018-12-24 16:19:17.508000","4028816958dd6d840158e1a181f90002","2","CREATE","USER_ACCOUNT","NACT","NACT"
"17","1","","2018-12-05 16:01:03.390000","4028816958dd6d840158e1a181f90004","2018-12-24 16:19:17.528000","4028816958dd6d840158e1a181f90002","2","CREATE","USER_ROLE","NACT","NACT"
"17","2","","2018-12-05 16:01:03.303000","4028816958dd6d840158e1a181f90004","2018-12-24 16:19:17.436000","4028816958dd6d840158e1a181f90002","2","VIEW","EXCHANGE_RATE_LISTING","NACT","NACT"
"17","2","","2018-12-05 16:01:03.326000","4028816958dd6d840158e1a181f90004","2018-12-24 16:19:17.451000","4028816958dd6d840158e1a181f90002","2","VIEW","NEW_EXCHANGE_RATE","NACT","NACT"
"17","2","D","2018-12-19 16:36:11.000000","4028816958dd6d840158e1a181f90000","2018-12-24 16:19:17.470000","4028816958dd6d840158e1a181f90002","2","VIEW","PREPRODUCTION","NACT","NACT"
"17","2","D","2018-12-19 16:36:11.000000","4028816958dd6d840158e1a181f90000","2018-12-24 16:19:17.482000","4028816958dd6d840158e1a181f90002","2","VIEW","PRODUCTION","NACT","NACT"
"17","2","","2018-12-05 16:01:03.347000","4028816958dd6d840158e1a181f90004","2018-12-24 16:19:17.495000","4028816958dd6d840158e1a181f90002","2","VIEW","UPLOAD_EXCHANGE_RATE_CSV","NACT","NACT"
"17","2","","2018-12-05 16:01:03.369000","4028816958dd6d840158e1a181f90004","2018-12-24 16:19:17.511000","4028816958dd6d840158e1a181f90002","2","VIEW","USER_ACCOUNT","NACT","NACT"
"17","2","","2018-12-05 16:01:03.394000","4028816958dd6d840158e1a181f90004","2018-12-24 16:19:17.530000","4028816958dd6d840158e1a181f90002","2","VIEW","USER_ROLE","NACT","NACT"
"17","4","","2018-12-05 16:01:03.307000","4028816958dd6d840158e1a181f90004","2018-12-24 16:19:17.438000","4028816958dd6d840158e1a181f90002","2","EDIT","EXCHANGE_RATE_LISTING","NACT","NACT"
"17","4","","2018-12-05 16:01:03.329000","4028816958dd6d840158e1a181f90004","2018-12-24 16:19:17.454000","4028816958dd6d840158e1a181f90002","2","EDIT","NEW_EXCHANGE_RATE","NACT","NACT"
"17","4","D","2018-12-19 16:36:11.000000","4028816958dd6d840158e1a181f90000","2018-12-24 16:19:17.472000","4028816958dd6d840158e1a181f90002","2","EDIT","PREPRODUCTION","NACT","NACT"
"17","4","D","2018-12-19 16:36:11.000000","4028816958dd6d840158e1a181f90000","2018-12-24 16:19:17.485000","4028816958dd6d840158e1a181f90002","2","EDIT","PRODUCTION","NACT","NACT"
"17","4","","2018-12-05 16:01:03.351000","4028816958dd6d840158e1a181f90004","2018-12-24 16:19:17.498000","4028816958dd6d840158e1a181f90002","2","EDIT","UPLOAD_EXCHANGE_RATE_CSV","NACT","NACT"
"17","4","","2018-12-05 16:01:03.372000","4028816958dd6d840158e1a181f90004","2018-12-24 16:19:17.513000","4028816958dd6d840158e1a181f90002","2","EDIT","USER_ACCOUNT","NACT","NACT"
"17","4","","2018-12-05 16:01:03.397000","4028816958dd6d840158e1a181f90004","2018-12-24 16:19:17.533000","4028816958dd6d840158e1a181f90002","2","EDIT","USER_ROLE","NACT","NACT"
"17","8","","2018-12-05 16:01:03.311000","4028816958dd6d840158e1a181f90004","2018-12-24 16:19:17.441000","4028816958dd6d840158e1a181f90002","2","DELETE","EXCHANGE_RATE_LISTING","NACT","NACT"
"17","8","","2018-12-05 16:01:03.332000","4028816958dd6d840158e1a181f90004","2018-12-24 16:19:17.459000","4028816958dd6d840158e1a181f90002","2","DELETE","NEW_EXCHANGE_RATE","NACT","NACT"
"17","8","D","2018-12-19 16:36:11.000000","4028816958dd6d840158e1a181f90000","2018-12-24 16:19:17.475000","4028816958dd6d840158e1a181f90002","2","DELETE","PREPRODUCTION","NACT","NACT"
"17","8","D","2018-12-19 16:36:11.000000","4028816958dd6d840158e1a181f90000","2018-12-24 16:19:17.488000","4028816958dd6d840158e1a181f90002","2","DELETE","PRODUCTION","NACT","NACT"
"17","8","","2018-12-05 16:01:03.354000","4028816958dd6d840158e1a181f90004","2018-12-24 16:19:17.500000","4028816958dd6d840158e1a181f90002","2","DELETE","UPLOAD_EXCHANGE_RATE_CSV","NACT","NACT"
"17","8","","2018-12-05 16:01:03.376000","4028816958dd6d840158e1a181f90004","2018-12-24 16:19:17.516000","4028816958dd6d840158e1a181f90002","2","DELETE","USER_ACCOUNT","NACT","NACT"
"17","8","","2018-12-05 16:01:03.401000","4028816958dd6d840158e1a181f90004","2018-12-24 16:19:17.536000","4028816958dd6d840158e1a181f90002","2","DELETE","USER_ROLE","NACT","NACT"
"17","64","","2018-12-05 16:01:03.380000","4028816958dd6d840158e1a181f90004","2018-12-24 16:19:17.519000","4028816958dd6d840158e1a181f90002","2","ASSIGN USER ROLE","USER_ACCOUNT","NACT","NACT"
"17","256","","2018-12-05 16:01:03.383000","4028816958dd6d840158e1a181f90004","2018-12-24 16:19:17.522000","4028816958dd6d840158e1a181f90002","2","CHANGE STATUS","USER_ACCOUNT","NACT","NACT"
"18","1","","2018-12-05 16:01:23.628000","4028816958dd6d840158e1a181f90004","2018-12-24 14:14:46.169000","ff80808167cee8450167dde0fa290000","7","CREATE","EXCHANGE_RATE_LISTING","NACT","NACT"
"18","1","","2018-12-05 16:01:23.644000","4028816958dd6d840158e1a181f90004","2018-12-24 14:14:46.200000","ff80808167cee8450167dde0fa290000","7","CREATE","NEW_EXCHANGE_RATE","NACT","NACT"
"18","1","D","2018-12-19 16:36:11.000000","4028816958dd6d840158e1a181f90000","2018-12-24 14:14:46.218000","ff80808167cee8450167dde0fa290000","2","CREATE","PREPRODUCTION","NACT","NACT"
"18","1","D","2018-12-19 16:36:11.000000","4028816958dd6d840158e1a181f90000","2018-12-24 14:14:46.242000","ff80808167cee8450167dde0fa290000","2","CREATE","PRODUCTION","NACT","NACT"
"18","1","","2018-12-05 16:01:23.660000","4028816958dd6d840158e1a181f90004","2018-12-24 14:14:46.259000","ff80808167cee8450167dde0fa290000","7","CREATE","UPLOAD_EXCHANGE_RATE_CSV","NACT","NACT"
"18","1","D","2018-12-05 16:01:23.675000","4028816958dd6d840158e1a181f90004","2018-12-24 14:14:46.276000","ff80808167cee8450167dde0fa290000","7","CREATE","USER_ACCOUNT","NACT","NACT"
"18","1","E","2018-12-05 16:01:23.692000","4028816958dd6d840158e1a181f90004","2018-12-24 14:14:46.296000","ff80808167cee8450167dde0fa290000","7","CREATE","USER_ROLE","NACT","NACT"
"18","2","","2018-12-05 16:01:23.630000","4028816958dd6d840158e1a181f90004","2018-12-24 14:14:46.183000","ff80808167cee8450167dde0fa290000","7","VIEW","EXCHANGE_RATE_LISTING","NACT","NACT"
"18","2","","2018-12-05 16:01:23.647000","4028816958dd6d840158e1a181f90004","2018-12-24 14:14:46.203000","ff80808167cee8450167dde0fa290000","7","VIEW","NEW_EXCHANGE_RATE","NACT","NACT"
"18","2","D","2018-12-19 16:36:11.000000","4028816958dd6d840158e1a181f90000","2018-12-24 14:14:46.221000","ff80808167cee8450167dde0fa290000","2","VIEW","PREPRODUCTION","NACT","NACT"
"18","2","D","2018-12-19 16:36:11.000000","4028816958dd6d840158e1a181f90000","2018-12-24 14:14:46.245000","ff80808167cee8450167dde0fa290000","2","VIEW","PRODUCTION","NACT","NACT"
"18","2","","2018-12-05 16:01:23.662000","4028816958dd6d840158e1a181f90004","2018-12-24 14:14:46.262000","ff80808167cee8450167dde0fa290000","7","VIEW","UPLOAD_EXCHANGE_RATE_CSV","NACT","NACT"
"18","2","E","2018-12-05 16:01:23.678000","4028816958dd6d840158e1a181f90004","2018-12-24 14:14:46.279000","ff80808167cee8450167dde0fa290000","7","VIEW","USER_ACCOUNT","NACT","NACT"
"18","2","E","2018-12-05 16:01:23.694000","4028816958dd6d840158e1a181f90004","2018-12-24 14:14:46.299000","ff80808167cee8450167dde0fa290000","7","VIEW","USER_ROLE","NACT","NACT"
"18","4","","2018-12-05 16:01:23.633000","4028816958dd6d840158e1a181f90004","2018-12-24 14:14:46.186000","ff80808167cee8450167dde0fa290000","7","EDIT","EXCHANGE_RATE_LISTING","NACT","NACT"
"18","4","","2018-12-05 16:01:23.649000","4028816958dd6d840158e1a181f90004","2018-12-24 14:14:46.206000","ff80808167cee8450167dde0fa290000","7","EDIT","NEW_EXCHANGE_RATE","NACT","NACT"
"18","4","D","2018-12-19 16:36:11.000000","4028816958dd6d840158e1a181f90000","2018-12-24 14:14:46.224000","ff80808167cee8450167dde0fa290000","2","EDIT","PREPRODUCTION","NACT","NACT"
"18","4","D","2018-12-19 16:36:11.000000","4028816958dd6d840158e1a181f90000","2018-12-24 14:14:46.250000","ff80808167cee8450167dde0fa290000","2","EDIT","PRODUCTION","NACT","NACT"
"18","4","","2018-12-05 16:01:23.664000","4028816958dd6d840158e1a181f90004","2018-12-24 14:14:46.265000","ff80808167cee8450167dde0fa290000","7","EDIT","UPLOAD_EXCHANGE_RATE_CSV","NACT","NACT"
"18","4","D","2018-12-05 16:01:23.680000","4028816958dd6d840158e1a181f90004","2018-12-24 14:14:46.282000","ff80808167cee8450167dde0fa290000","7","EDIT","USER_ACCOUNT","NACT","NACT"
"18","4","E","2018-12-05 16:01:23.696000","4028816958dd6d840158e1a181f90004","2018-12-24 14:14:46.302000","ff80808167cee8450167dde0fa290000","7","EDIT","USER_ROLE","NACT","NACT"
"18","8","","2018-12-05 16:01:23.636000","4028816958dd6d840158e1a181f90004","2018-12-24 14:14:46.191000","ff80808167cee8450167dde0fa290000","7","DELETE","EXCHANGE_RATE_LISTING","NACT","NACT"
"18","8","","2018-12-05 16:01:23.652000","4028816958dd6d840158e1a181f90004","2018-12-24 14:14:46.209000","ff80808167cee8450167dde0fa290000","7","DELETE","NEW_EXCHANGE_RATE","NACT","NACT"
"18","8","D","2018-12-19 16:36:11.000000","4028816958dd6d840158e1a181f90000","2018-12-24 14:14:46.227000","ff80808167cee8450167dde0fa290000","2","DELETE","PREPRODUCTION","NACT","NACT"
"18","8","D","2018-12-19 16:36:11.000000","4028816958dd6d840158e1a181f90000","2018-12-24 14:14:46.253000","ff80808167cee8450167dde0fa290000","2","DELETE","PRODUCTION","NACT","NACT"
"18","8","","2018-12-05 16:01:23.667000","4028816958dd6d840158e1a181f90004","2018-12-24 14:14:46.268000","ff80808167cee8450167dde0fa290000","7","DELETE","UPLOAD_EXCHANGE_RATE_CSV","NACT","NACT"
"18","8","D","2018-12-05 16:01:23.682000","4028816958dd6d840158e1a181f90004","2018-12-24 14:14:46.285000","ff80808167cee8450167dde0fa290000","7","DELETE","USER_ACCOUNT","NACT","NACT"
"18","8","E","2018-12-05 16:01:23.700000","4028816958dd6d840158e1a181f90004","2018-12-24 14:14:46.305000","ff80808167cee8450167dde0fa290000","7","DELETE","USER_ROLE","NACT","NACT"
"18","64","E","2018-12-05 16:01:23.684000","4028816958dd6d840158e1a181f90004","2018-12-24 14:14:46.288000","ff80808167cee8450167dde0fa290000","7","ASSIGN USER ROLE","USER_ACCOUNT","NACT","NACT"
"18","256","E","2018-12-05 16:01:23.687000","4028816958dd6d840158e1a181f90004","2018-12-24 14:14:46.290000","ff80808167cee8450167dde0fa290000","7","CHANGE STATUS","USER_ACCOUNT","NACT","NACT"
"19","1","","2018-12-05 16:01:44.293000","4028816958dd6d840158e1a181f90004","2019-02-22 17:00:05.776000","4028816958dd6d840158e1a181f90099","5","CREATE","EXCHANGE_RATE_LISTING","NACT","NACT"
"19","1","","2018-12-05 16:01:44.308000","4028816958dd6d840158e1a181f90004","2019-02-22 17:00:05.795000","4028816958dd6d840158e1a181f90099","5","CREATE","NEW_EXCHANGE_RATE","NACT","NACT"
"19","1","D","2018-12-19 16:36:11.000000","4028816958dd6d840158e1a181f90000","2019-02-22 17:00:05.818000","4028816958dd6d840158e1a181f90099","3","CREATE","PREPRODUCTION","NACT","NACT"
"19","1","D","2018-12-19 16:36:11.000000","4028816958dd6d840158e1a181f90000","2019-02-22 17:00:05.837000","4028816958dd6d840158e1a181f90099","3","CREATE","PRODUCTION","NACT","NACT"
"19","1","","2018-12-05 16:01:44.322000","4028816958dd6d840158e1a181f90004","2019-02-22 17:00:05.855000","4028816958dd6d840158e1a181f90099","5","CREATE","UPLOAD_EXCHANGE_RATE_CSV","NACT","NACT"
"19","1","D","2018-12-05 16:01:44.338000","4028816958dd6d840158e1a181f90004","2019-02-22 17:00:05.874000","4028816958dd6d840158e1a181f90099","5","CREATE","USER_ACCOUNT","NACT","NACT"
"19","1","E","2018-12-05 16:01:44.359000","4028816958dd6d840158e1a181f90004","2019-02-22 17:00:05.904000","4028816958dd6d840158e1a181f90099","5","CREATE","USER_ROLE","NACT","NACT"
"19","2","","2018-12-05 16:01:44.296000","4028816958dd6d840158e1a181f90004","2019-02-22 17:00:05.780000","4028816958dd6d840158e1a181f90099","5","VIEW","EXCHANGE_RATE_LISTING","NACT","NACT"
"19","2","","2018-12-05 16:01:44.310000","4028816958dd6d840158e1a181f90004","2019-02-22 17:00:05.799000","4028816958dd6d840158e1a181f90099","5","VIEW","NEW_EXCHANGE_RATE","NACT","NACT"
"19","2","D","2018-12-19 16:36:11.000000","4028816958dd6d840158e1a181f90000","2019-02-22 17:00:05.821000","4028816958dd6d840158e1a181f90099","3","VIEW","PREPRODUCTION","NACT","NACT"
"19","2","D","2018-12-19 16:36:11.000000","4028816958dd6d840158e1a181f90000","2019-02-22 17:00:05.840000","4028816958dd6d840158e1a181f90099","3","VIEW","PRODUCTION","NACT","NACT"
"19","2","","2018-12-05 16:01:44.325000","4028816958dd6d840158e1a181f90004","2019-02-22 17:00:05.858000","4028816958dd6d840158e1a181f90099","5","VIEW","UPLOAD_EXCHANGE_RATE_CSV","NACT","NACT"
"19","2","E","2018-12-05 16:01:44.341000","4028816958dd6d840158e1a181f90004","2019-02-22 17:00:05.880000","4028816958dd6d840158e1a181f90099","5","VIEW","USER_ACCOUNT","NACT","NACT"
"19","2","E","2018-12-05 16:01:44.362000","4028816958dd6d840158e1a181f90004","2019-02-22 17:00:05.913000","4028816958dd6d840158e1a181f90099","5","VIEW","USER_ROLE","NACT","NACT"
"19","4","","2018-12-05 16:01:44.298000","4028816958dd6d840158e1a181f90004","2019-02-22 17:00:05.784000","4028816958dd6d840158e1a181f90099","5","EDIT","EXCHANGE_RATE_LISTING","NACT","NACT"
"19","4","","2018-12-05 16:01:44.313000","4028816958dd6d840158e1a181f90004","2019-02-22 17:00:05.803000","4028816958dd6d840158e1a181f90099","5","EDIT","NEW_EXCHANGE_RATE","NACT","NACT"
"19","4","D","2018-12-19 16:36:11.000000","4028816958dd6d840158e1a181f90000","2019-02-22 17:00:05.826000","4028816958dd6d840158e1a181f90099","3","EDIT","PREPRODUCTION","NACT","NACT"
"19","4","D","2018-12-19 16:36:11.000000","4028816958dd6d840158e1a181f90000","2019-02-22 17:00:05.844000","4028816958dd6d840158e1a181f90099","3","EDIT","PRODUCTION","NACT","NACT"
"19","4","","2018-12-05 16:01:44.327000","4028816958dd6d840158e1a181f90004","2019-02-22 17:00:05.862000","4028816958dd6d840158e1a181f90099","5","EDIT","UPLOAD_EXCHANGE_RATE_CSV","NACT","NACT"
"19","4","D","2018-12-05 16:01:44.345000","4028816958dd6d840158e1a181f90004","2019-02-22 17:00:05.884000","4028816958dd6d840158e1a181f90099","5","EDIT","USER_ACCOUNT","NACT","NACT"
"19","4","E","2018-12-05 16:01:44.365000","4028816958dd6d840158e1a181f90004","2019-02-22 17:00:05.917000","4028816958dd6d840158e1a181f90099","5","EDIT","USER_ROLE","NACT","NACT"
"19","8","","2018-12-05 16:01:44.301000","4028816958dd6d840158e1a181f90004","2019-02-22 17:00:05.787000","4028816958dd6d840158e1a181f90099","5","DELETE","EXCHANGE_RATE_LISTING","NACT","NACT"
"19","8","","2018-12-05 16:01:44.315000","4028816958dd6d840158e1a181f90004","2019-02-22 17:00:05.809000","4028816958dd6d840158e1a181f90099","5","DELETE","NEW_EXCHANGE_RATE","NACT","NACT"
"19","8","D","2018-12-19 16:36:11.000000","4028816958dd6d840158e1a181f90000","2019-02-22 17:00:05.829000","4028816958dd6d840158e1a181f90099","3","DELETE","PREPRODUCTION","NACT","NACT"
"19","8","D","2018-12-19 16:36:11.000000","4028816958dd6d840158e1a181f90000","2019-02-22 17:00:05.848000","4028816958dd6d840158e1a181f90099","3","DELETE","PRODUCTION","NACT","NACT"
"19","8","","2018-12-05 16:01:44.330000","4028816958dd6d840158e1a181f90004","2019-02-22 17:00:05.866000","4028816958dd6d840158e1a181f90099","5","DELETE","UPLOAD_EXCHANGE_RATE_CSV","NACT","NACT"
"19","8","D","2018-12-05 16:01:44.347000","4028816958dd6d840158e1a181f90004","2019-02-22 17:00:05.888000","4028816958dd6d840158e1a181f90099","5","DELETE","USER_ACCOUNT","NACT","NACT"
"19","8","E","2018-12-05 16:01:44.368000","4028816958dd6d840158e1a181f90004","2019-02-22 17:00:05.921000","4028816958dd6d840158e1a181f90099","5","DELETE","USER_ROLE","NACT","NACT"
"19","64","E","2018-12-05 16:01:44.350000","4028816958dd6d840158e1a181f90004","2019-02-22 17:00:05.892000","4028816958dd6d840158e1a181f90099","5","ASSIGN USER ROLE","USER_ACCOUNT","NACT","NACT"
"19","256","E","2018-12-05 16:01:44.353000","4028816958dd6d840158e1a181f90004","2019-02-22 17:00:05.895000","4028816958dd6d840158e1a181f90099","5","CHANGE STATUS","USER_ACCOUNT","NACT","NACT"
"20","1","D","2018-12-05 16:02:11.585000","4028816958dd6d840158e1a181f90004","2018-12-24 16:55:58.896000","4028816958dd6d840158e1a181f90002","3","CREATE","EXCHANGE_RATE_LISTING","NACT","NACT"
"20","1","D","2018-12-05 16:02:11.604000","4028816958dd6d840158e1a181f90004","2018-12-24 16:55:58.912000","4028816958dd6d840158e1a181f90002","3","CREATE","NEW_EXCHANGE_RATE","NACT","NACT"
"20","1","D","2018-12-19 16:36:11.000000","4028816958dd6d840158e1a181f90000","2018-12-24 16:55:58.928000","4028816958dd6d840158e1a181f90002","2","CREATE","PREPRODUCTION","NACT","NACT"
"20","1","D","2018-12-19 16:36:11.000000","4028816958dd6d840158e1a181f90000","2018-12-24 16:55:58.941000","4028816958dd6d840158e1a181f90002","2","CREATE","PRODUCTION","NACT","NACT"
"20","1","D","2018-12-05 16:02:11.622000","4028816958dd6d840158e1a181f90004","2018-12-24 16:55:58.952000","4028816958dd6d840158e1a181f90002","3","CREATE","UPLOAD_EXCHANGE_RATE_CSV","NACT","NACT"
"20","1","","2018-12-05 16:02:11.640000","4028816958dd6d840158e1a181f90004","2018-12-24 16:55:58.968000","4028816958dd6d840158e1a181f90002","3","CREATE","USER_ACCOUNT","NACT","NACT"
"20","1","","2018-12-05 16:02:11.662000","4028816958dd6d840158e1a181f90004","2018-12-24 16:55:58.985000","4028816958dd6d840158e1a181f90002","3","CREATE","USER_ROLE","NACT","NACT"
"20","2","D","2018-12-05 16:02:11.588000","4028816958dd6d840158e1a181f90004","2018-12-24 16:55:58.899000","4028816958dd6d840158e1a181f90002","3","VIEW","EXCHANGE_RATE_LISTING","NACT","NACT"
"20","2","D","2018-12-05 16:02:11.607000","4028816958dd6d840158e1a181f90004","2018-12-24 16:55:58.915000","4028816958dd6d840158e1a181f90002","3","VIEW","NEW_EXCHANGE_RATE","NACT","NACT"
"20","2","D","2018-12-19 16:36:11.000000","4028816958dd6d840158e1a181f90000","2018-12-24 16:55:58.931000","4028816958dd6d840158e1a181f90002","2","VIEW","PREPRODUCTION","NACT","NACT"
"20","2","D","2018-12-19 16:36:11.000000","4028816958dd6d840158e1a181f90000","2018-12-24 16:55:58.944000","4028816958dd6d840158e1a181f90002","2","VIEW","PRODUCTION","NACT","NACT"
"20","2","D","2018-12-05 16:02:11.625000","4028816958dd6d840158e1a181f90004","2018-12-24 16:55:58.954000","4028816958dd6d840158e1a181f90002","3","VIEW","UPLOAD_EXCHANGE_RATE_CSV","NACT","NACT"
"20","2","","2018-12-05 16:02:11.643000","4028816958dd6d840158e1a181f90004","2018-12-24 16:55:58.970000","4028816958dd6d840158e1a181f90002","3","VIEW","USER_ACCOUNT","NACT","NACT"
"20","2","","2018-12-05 16:02:11.665000","4028816958dd6d840158e1a181f90004","2018-12-24 16:55:58.988000","4028816958dd6d840158e1a181f90002","3","VIEW","USER_ROLE","NACT","NACT"
"20","4","D","2018-12-05 16:02:11.591000","4028816958dd6d840158e1a181f90004","2018-12-24 16:55:58.902000","4028816958dd6d840158e1a181f90002","3","EDIT","EXCHANGE_RATE_LISTING","NACT","NACT"
"20","4","D","2018-12-05 16:02:11.609000","4028816958dd6d840158e1a181f90004","2018-12-24 16:55:58.918000","4028816958dd6d840158e1a181f90002","3","EDIT","NEW_EXCHANGE_RATE","NACT","NACT"
"20","4","D","2018-12-19 16:36:11.000000","4028816958dd6d840158e1a181f90000","2018-12-24 16:55:58.933000","4028816958dd6d840158e1a181f90002","2","EDIT","PREPRODUCTION","NACT","NACT"
"20","4","D","2018-12-19 16:36:11.000000","4028816958dd6d840158e1a181f90000","2018-12-24 16:55:58.946000","4028816958dd6d840158e1a181f90002","2","EDIT","PRODUCTION","NACT","NACT"
"20","4","D","2018-12-05 16:02:11.628000","4028816958dd6d840158e1a181f90004","2018-12-24 16:55:58.956000","4028816958dd6d840158e1a181f90002","3","EDIT","UPLOAD_EXCHANGE_RATE_CSV","NACT","NACT"
"20","4","","2018-12-05 16:02:11.647000","4028816958dd6d840158e1a181f90004","2018-12-24 16:55:58.973000","4028816958dd6d840158e1a181f90002","3","EDIT","USER_ACCOUNT","NACT","NACT"
"20","4","","2018-12-05 16:02:11.667000","4028816958dd6d840158e1a181f90004","2018-12-24 16:55:58.991000","4028816958dd6d840158e1a181f90002","3","EDIT","USER_ROLE","NACT","NACT"
"20","8","D","2018-12-05 16:02:11.594000","4028816958dd6d840158e1a181f90004","2018-12-24 16:55:58.904000","4028816958dd6d840158e1a181f90002","3","DELETE","EXCHANGE_RATE_LISTING","NACT","NACT"
"20","8","D","2018-12-05 16:02:11.613000","4028816958dd6d840158e1a181f90004","2018-12-24 16:55:58.921000","4028816958dd6d840158e1a181f90002","3","DELETE","NEW_EXCHANGE_RATE","NACT","NACT"
"20","8","D","2018-12-19 16:36:11.000000","4028816958dd6d840158e1a181f90000","2018-12-24 16:55:58.936000","4028816958dd6d840158e1a181f90002","2","DELETE","PREPRODUCTION","NACT","NACT"
"20","8","D","2018-12-19 16:36:11.000000","4028816958dd6d840158e1a181f90000","2018-12-24 16:55:58.948000","4028816958dd6d840158e1a181f90002","2","DELETE","PRODUCTION","NACT","NACT"
"20","8","D","2018-12-05 16:02:11.631000","4028816958dd6d840158e1a181f90004","2018-12-24 16:55:58.959000","4028816958dd6d840158e1a181f90002","3","DELETE","UPLOAD_EXCHANGE_RATE_CSV","NACT","NACT"
"20","8","","2018-12-05 16:02:11.650000","4028816958dd6d840158e1a181f90004","2018-12-24 16:55:58.975000","4028816958dd6d840158e1a181f90002","3","DELETE","USER_ACCOUNT","NACT","NACT"
"20","8","","2018-12-05 16:02:11.670000","4028816958dd6d840158e1a181f90004","2018-12-24 16:55:58.993000","4028816958dd6d840158e1a181f90002","3","DELETE","USER_ROLE","NACT","NACT"
"20","64","","2018-12-05 16:02:11.653000","4028816958dd6d840158e1a181f90004","2018-12-24 16:55:58.978000","4028816958dd6d840158e1a181f90002","3","ASSIGN USER ROLE","USER_ACCOUNT","NACT","NACT"
"20","256","","2018-12-05 16:02:11.656000","4028816958dd6d840158e1a181f90004","2018-12-24 16:55:58.981000","4028816958dd6d840158e1a181f90002","3","CHANGE STATUS","USER_ACCOUNT","NACT","NACT"
"21","1","D","2018-12-05 16:02:24.551000","4028816958dd6d840158e1a181f90004","2018-12-24 16:56:09.386000","4028816958dd6d840158e1a181f90002","3","CREATE","EXCHANGE_RATE_LISTING","NACT","NACT"
"21","1","D","2018-12-05 16:02:24.569000","4028816958dd6d840158e1a181f90004","2018-12-24 16:56:09.402000","4028816958dd6d840158e1a181f90002","3","CREATE","NEW_EXCHANGE_RATE","NACT","NACT"
"21","1","D","2018-12-19 16:36:11.000000","4028816958dd6d840158e1a181f90000","2018-12-24 16:56:09.417000","4028816958dd6d840158e1a181f90002","2","CREATE","PREPRODUCTION","NACT","NACT"
"21","1","D","2018-12-19 16:36:11.000000","4028816958dd6d840158e1a181f90000","2018-12-24 16:56:09.430000","4028816958dd6d840158e1a181f90002","2","CREATE","PRODUCTION","NACT","NACT"
"21","1","D","2018-12-05 16:02:24.586000","4028816958dd6d840158e1a181f90004","2018-12-24 16:56:09.444000","4028816958dd6d840158e1a181f90002","3","CREATE","UPLOAD_EXCHANGE_RATE_CSV","NACT","NACT"
"21","1","","2018-12-05 16:02:24.604000","4028816958dd6d840158e1a181f90004","2018-12-24 16:56:09.460000","4028816958dd6d840158e1a181f90002","3","CREATE","USER_ACCOUNT","NACT","NACT"
"21","1","","2018-12-05 16:02:24.625000","4028816958dd6d840158e1a181f90004","2018-12-24 16:56:09.478000","4028816958dd6d840158e1a181f90002","3","CREATE","USER_ROLE","NACT","NACT"
"21","2","D","2018-12-05 16:02:24.554000","4028816958dd6d840158e1a181f90004","2018-12-24 16:56:09.389000","4028816958dd6d840158e1a181f90002","3","VIEW","EXCHANGE_RATE_LISTING","NACT","NACT"
"21","2","D","2018-12-05 16:02:24.571000","4028816958dd6d840158e1a181f90004","2018-12-24 16:56:09.405000","4028816958dd6d840158e1a181f90002","3","VIEW","NEW_EXCHANGE_RATE","NACT","NACT"
"21","2","D","2018-12-19 16:36:11.000000","4028816958dd6d840158e1a181f90000","2018-12-24 16:56:09.420000","4028816958dd6d840158e1a181f90002","2","VIEW","PREPRODUCTION","NACT","NACT"
"21","2","D","2018-12-19 16:36:11.000000","4028816958dd6d840158e1a181f90000","2018-12-24 16:56:09.433000","4028816958dd6d840158e1a181f90002","2","VIEW","PRODUCTION","NACT","NACT"
"21","2","D","2018-12-05 16:02:24.589000","4028816958dd6d840158e1a181f90004","2018-12-24 16:56:09.446000","4028816958dd6d840158e1a181f90002","3","VIEW","UPLOAD_EXCHANGE_RATE_CSV","NACT","NACT"
"21","2","","2018-12-05 16:02:24.607000","4028816958dd6d840158e1a181f90004","2018-12-24 16:56:09.463000","4028816958dd6d840158e1a181f90002","3","VIEW","USER_ACCOUNT","NACT","NACT"
"21","2","","2018-12-05 16:02:24.629000","4028816958dd6d840158e1a181f90004","2018-12-24 16:56:09.481000","4028816958dd6d840158e1a181f90002","3","VIEW","USER_ROLE","NACT","NACT"
"21","4","D","2018-12-05 16:02:24.557000","4028816958dd6d840158e1a181f90004","2018-12-24 16:56:09.391000","4028816958dd6d840158e1a181f90002","3","EDIT","EXCHANGE_RATE_LISTING","NACT","NACT"
"21","4","D","2018-12-05 16:02:24.575000","4028816958dd6d840158e1a181f90004","2018-12-24 16:56:09.407000","4028816958dd6d840158e1a181f90002","3","EDIT","NEW_EXCHANGE_RATE","NACT","NACT"
"21","4","D","2018-12-19 16:36:11.000000","4028816958dd6d840158e1a181f90000","2018-12-24 16:56:09.423000","4028816958dd6d840158e1a181f90002","2","EDIT","PREPRODUCTION","NACT","NACT"
"21","4","D","2018-12-19 16:36:11.000000","4028816958dd6d840158e1a181f90000","2018-12-24 16:56:09.435000","4028816958dd6d840158e1a181f90002","2","EDIT","PRODUCTION","NACT","NACT"
"21","4","D","2018-12-05 16:02:24.592000","4028816958dd6d840158e1a181f90004","2018-12-24 16:56:09.449000","4028816958dd6d840158e1a181f90002","3","EDIT","UPLOAD_EXCHANGE_RATE_CSV","NACT","NACT"
"21","4","","2018-12-05 16:02:24.610000","4028816958dd6d840158e1a181f90004","2018-12-24 16:56:09.465000","4028816958dd6d840158e1a181f90002","3","EDIT","USER_ACCOUNT","NACT","NACT"
"21","4","","2018-12-05 16:02:24.632000","4028816958dd6d840158e1a181f90004","2018-12-24 16:56:09.483000","4028816958dd6d840158e1a181f90002","3","EDIT","USER_ROLE","NACT","NACT"
"21","8","D","2018-12-05 16:02:24.560000","4028816958dd6d840158e1a181f90004","2018-12-24 16:56:09.394000","4028816958dd6d840158e1a181f90002","3","DELETE","EXCHANGE_RATE_LISTING","NACT","NACT"
"21","8","D","2018-12-05 16:02:24.578000","4028816958dd6d840158e1a181f90004","2018-12-24 16:56:09.410000","4028816958dd6d840158e1a181f90002","3","DELETE","NEW_EXCHANGE_RATE","NACT","NACT"
"21","8","D","2018-12-19 16:36:11.000000","4028816958dd6d840158e1a181f90000","2018-12-24 16:56:09.425000","4028816958dd6d840158e1a181f90002","2","DELETE","PREPRODUCTION","NACT","NACT"
"21","8","D","2018-12-19 16:36:11.000000","4028816958dd6d840158e1a181f90000","2018-12-24 16:56:09.438000","4028816958dd6d840158e1a181f90002","2","DELETE","PRODUCTION","NACT","NACT"
"21","8","D","2018-12-05 16:02:24.595000","4028816958dd6d840158e1a181f90004","2018-12-24 16:56:09.452000","4028816958dd6d840158e1a181f90002","3","DELETE","UPLOAD_EXCHANGE_RATE_CSV","NACT","NACT"
"21","8","","2018-12-05 16:02:24.613000","4028816958dd6d840158e1a181f90004","2018-12-24 16:56:09.468000","4028816958dd6d840158e1a181f90002","3","DELETE","USER_ACCOUNT","NACT","NACT"
"21","8","","2018-12-05 16:02:24.634000","4028816958dd6d840158e1a181f90004","2018-12-24 16:56:09.486000","4028816958dd6d840158e1a181f90002","3","DELETE","USER_ROLE","NACT","NACT"
"21","64","","2018-12-05 16:02:24.617000","4028816958dd6d840158e1a181f90004","2018-12-24 16:56:09.471000","4028816958dd6d840158e1a181f90002","3","ASSIGN USER ROLE","USER_ACCOUNT","NACT","NACT"
"21","256","","2018-12-05 16:02:24.620000","4028816958dd6d840158e1a181f90004","2018-12-24 16:56:09.473000","4028816958dd6d840158e1a181f90002","3","CHANGE STATUS","USER_ACCOUNT","NACT","NACT"
