"ACCOUNT_ID","APPLICATION_CODE","BINDING_ACCOUNT_ID","STATUS","CREATED_TIME","CREATED_BY","UPDATE_TIME","UPDATE_BY","ID"
"4028816958dd6d840158e1a181f90005","APV","4028816958dd6d840158e1a181f90005","LINK",NULL,NULL,NULL,NULL,"1"
"4028816958dd6d840158e1a181f90001","APV","4028816958dd6d840158e1a181f90001","LINK",NULL,NULL,NULL,NULL,"2"
"4028816958dd6d840158e1a181f90003","APV","4028816958dd6d840158e1a181f90003","LINK",NULL,NULL,NULL,NULL,"3"
"4028816958dd6d840158e1a181f90000","APV","4028816958dd6d840158e1a181f90000","LINK",NULL,NULL,NULL,NULL,"4"
"4028816958dd6d840158e1a181f90002","APV","4028816958dd6d840158e1a181f90002","LINK",NULL,NULL,NULL,NULL,"5"
"4028816958dd6d840158e1a181f90004","APV","4028816958dd6d840158e1a181f90004","LINK",NULL,NULL,NULL,NULL,"6"
"4028816958dd6d840158e1a181f90021","APV","4028816958dd6d840158e1a181f90021","LINK",NULL,NULL,NULL,NULL,"7"
"4028816958dd6d840158e1a181f90022","APV","4028816958dd6d840158e1a181f90022","LINK",NULL,NULL,NULL,NULL,"8"
"4028816958dd6d840158e1a181f90023","APV","4028816958dd6d840158e1a181f90023","LINK",NULL,NULL,NULL,NULL,"9"
"4028816958dd6d840158e1a181f90024","APV","4028816958dd6d840158e1a181f90024","LINK",NULL,NULL,NULL,NULL,"10"
"4028816958dd6d840158e1a181f90025","APV","4028816958dd6d840158e1a181f90025","LINK",NULL,NULL,NULL,NULL,"11"
"4028816958dd6d840158e1a181f90031","APV","4028816958dd6d840158e1a181f90031","LINK",NULL,NULL,NULL,NULL,"12"